[{
 "categoryString": "EXTENSION",
 "dateBuilt": "2023-03-09T09:05:36+0530",
 "nonVisible": "true",
 "iconName": "https://res.cloudinary.com/andromedaviewflyvipul/image/upload/c_scale,h_20,w_20/v1571472765/ktvu4bapylsvnykoyhdm.png",
 "methods": [{
  "deprecated": "false",
  "name": "GetStartUrl",
  "description": "Returns the url which started the current activity",
  "params": [],
  "returnType": "text"
 }],
 "blockProperties": [],
 "helpUrl": "https://github.com/vknow360/CustomWebView",
 "licenseName": "",
 "type": "com.sunny.CustomWebView.BrowserPromptHelper",
 "versionName": "1.1",
 "androidMinSdk": 21,
 "version": "1",
 "external": "true",
 "showOnPalette": "true",
 "name": "BrowserPromptHelper",
 "helpString": "Helper class of CustomWebView extension to add app to browsers list<br> Developed by Sunny Gupta",
 "properties": [],
 "events": [{
  "deprecated": "false",
  "name": "OnResume",
  "description": "Event raised when app gets resumed and gives the url which started this activity/screen if there is any else empty string",
  "params": [{
   "name": "url",
   "type": "text"
  }]
 }]
},{
 "categoryString": "EXTENSION",
 "dateBuilt": "2023-04-18T09:05:37+0530",
 "nonVisible": "true",
 "iconName": "https://res.cloudinary.com/andromedaviewflyvipul/image/upload/c_scale,h_20,w_20/v1571472765/ktvu4bapylsvnykoyhdm.png",
 "methods": [
  {
   "deprecated": "false",
   "name": "AllowGeolocationAccess",
   "description": "Method for AllowGeolocationAccess",
   "params": [
    {
     "name": "allow",
     "type": "boolean"
    },
    {
     "name": "remember",
     "type": "boolean"
    }
   ]
  },
  {
   "deprecated": "false",
   "name": "CanGoBack",
   "description": "Gets whether this WebView has a back history item",
   "params": [],
   "returnType": "boolean"
  },
  {
   "deprecated": "false",
   "name": "CanGoBackOrForward",
   "description": "Gets whether the page can go back or forward the given number of steps.",
   "params": [{
    "name": "steps",
    "type": "number"
   }],
   "returnType": "boolean"
  },
  {
   "deprecated": "false",
   "name": "CanGoForward",
   "description": "Gets whether this WebView has a forward history item.",
   "params": [],
   "returnType": "boolean"
  },
  {
   "deprecated": "false",
   "name": "CancelPrinting",
   "description": "Cancels current print job. You can request cancellation of a queued, started, blocked, or failed print job.",
   "params": []
  },
  {
   "deprecated": "false",
   "name": "ClearCache",
   "description": "Clears the resource cache.",
   "params": []
  },
  {
   "deprecated": "false",
   "name": "ClearCookies",
   "description": "Removes all cookies and raises 'CookiesRemoved' event",
   "params": []
  },
  {
   "deprecated": "false",
   "name": "ClearFormData",
   "description": "Clears the form data of the webview <br> Added by Xoma",
   "params": [{
    "name": "id",
    "type": "number"
   }]
  },
  {
   "deprecated": "false",
   "name": "ClearInternalHistory",
   "description": "Tells this WebView to clear its internal back/forward list.",
   "params": []
  },
  {
   "deprecated": "false",
   "name": "ClearLocation",
   "description": "Clear all location preferences.",
   "params": []
  },
  {
   "deprecated": "false",
   "name": "ClearMatches",
   "description": "Clears the highlighting surrounding text matches.",
   "params": []
  },
  {
   "deprecated": "false",
   "name": "ConfirmJs",
   "description": "Whether to proceed JavaScript originated request",
   "params": [{
    "name": "confirm",
    "type": "boolean"
   }]
  },
  {
   "deprecated": "false",
   "name": "ContentHeight",
   "description": "Gets height of HTML content",
   "params": [],
   "returnType": "number"
  },
  {
   "deprecated": "false",
   "name": "ContinueJs",
   "description": "Inputs a confirmation response to Js",
   "params": [{
    "name": "input",
    "type": "text"
   }]
  },
  {
   "deprecated": "false",
   "name": "CreateShortcut",
   "description": "Creates a shortcut of given website on home screen",
   "params": [
    {
     "name": "url",
     "type": "text"
    },
    {
     "name": "iconPath",
     "type": "text"
    },
    {
     "name": "title",
     "type": "text"
    }
   ]
  },
  {
   "deprecated": "false",
   "name": "CreateWebView",
   "description": "Creates the webview in given arrangement with id",
   "params": [
    {
     "name": "container",
     "type": "component"
    },
    {
     "name": "id",
     "type": "number"
    }
   ]
  },
  {
   "deprecated": "false",
   "name": "CurrentId",
   "description": "Returns current id",
   "params": [],
   "returnType": "number"
  },
  {
   "deprecated": "false",
   "name": "DismissJsAlert",
   "description": "Dismiss previously requested Js alert",
   "params": []
  },
  {
   "deprecated": "false",
   "name": "EvaluateJavaScript",
   "description": "Asynchronously evaluates JavaScript in the context of the currently displayed page.",
   "params": [{
    "name": "script",
    "type": "text"
   }]
  },
  {
   "deprecated": "false",
   "name": "Find",
   "description": "Finds all instances of find on the page and highlights them, asynchronously. Successive calls to this will cancel any pending searches.",
   "params": [{
    "name": "string",
    "type": "text"
   }]
  },
  {
   "deprecated": "false",
   "name": "FindNext",
   "description": "Highlights and scrolls to the next match if 'forward' is true else scrolls to previous match.",
   "params": [{
    "name": "forward",
    "type": "boolean"
   }]
  },
  {
   "deprecated": "false",
   "name": "GetCookies",
   "description": "Get cookies for specific url",
   "params": [{
    "name": "url",
    "type": "text"
   }],
   "returnType": "text"
  },
  {
   "deprecated": "false",
   "name": "GetIds",
   "description": "Returns a list of used ids",
   "params": [],
   "returnType": "list"
  },
  {
   "deprecated": "false",
   "name": "GetInternalHistory",
   "description": "Get internal history of given webview.",
   "params": [{
    "name": "id",
    "type": "number"
   }],
   "returnType": "list"
  },
  {
   "deprecated": "false",
   "name": "GetProgress",
   "description": "Gets the progress for the given webview",
   "params": [{
    "name": "id",
    "type": "number"
   }],
   "returnType": "number"
  },
  {
   "deprecated": "false",
   "name": "GetScrollX",
   "description": "Return the scrolled left position of the webview",
   "params": [],
   "returnType": "number"
  },
  {
   "deprecated": "false",
   "name": "GetScrollY",
   "description": "Return the scrolled top position of the webview",
   "params": [],
   "returnType": "number"
  },
  {
   "deprecated": "false",
   "name": "GetSslCertificate",
   "description": "Gets the SSL certificate for the main top-level page and raises 'GotCertificate' event",
   "params": []
  },
  {
   "deprecated": "false",
   "name": "GetWebView",
   "description": "Returns webview object from id",
   "params": [{
    "name": "id",
    "type": "number"
   }],
   "returnType": "any"
  },
  {
   "deprecated": "false",
   "name": "GoBack",
   "description": "Goes back in the history of this WebView.",
   "params": []
  },
  {
   "deprecated": "false",
   "name": "GoBackOrForward",
   "description": "Goes to the history item that is the number of steps away from the current item. Steps is negative if backward and positive if forward.",
   "params": [{
    "name": "steps",
    "type": "number"
   }]
  },
  {
   "deprecated": "false",
   "name": "GoForward",
   "description": "Goes forward in the history of this WebView.",
   "params": []
  },
  {
   "deprecated": "false",
   "name": "GoToUrl",
   "description": "Loads the given URL.",
   "params": [{
    "name": "url",
    "type": "text"
   }]
  },
  {
   "deprecated": "false",
   "name": "GrantPermission",
   "description": "Grants given permissions to webview.Use empty list to deny the request.",
   "params": [{
    "name": "permissions",
    "type": "text"
   }]
  },
  {
   "deprecated": "false",
   "name": "HideCustomView",
   "description": "Hides previously shown custom view",
   "params": []
  },
  {
   "deprecated": "false",
   "name": "InvokeZoomPicker",
   "description": "Invokes the graphical zoom picker widget for this WebView. This will result in the zoom widget appearing on the screen to control the zoom level of this WebView.Note that it does not checks whether zoom is enabled or not.",
   "params": []
  },
  {
   "deprecated": "false",
   "name": "LoadHtml",
   "description": "Loads the given data into this WebView using a 'data' scheme URL.",
   "params": [{
    "name": "html",
    "type": "text"
   }]
  },
  {
   "deprecated": "false",
   "name": "LoadInNewWindow",
   "description": "Loads requested url in given webview",
   "params": [{
    "name": "id",
    "type": "number"
   }]
  },
  {
   "deprecated": "false",
   "name": "LoadWithHeaders",
   "description": "Loads the given URL with the specified additional HTTP headers defined is list of lists.",
   "params": [
    {
     "name": "url",
     "type": "text"
    },
    {
     "name": "headers",
     "type": "dictionary"
    }
   ]
  },
  {
   "deprecated": "false",
   "name": "PageDown",
   "description": "Scrolls the contents of the WebView down by half the page size",
   "params": [{
    "name": "bottom",
    "type": "boolean"
   }]
  },
  {
   "deprecated": "false",
   "name": "PageUp",
   "description": "Scrolls the contents of the WebView up by half the page size",
   "params": [{
    "name": "top",
    "type": "boolean"
   }]
  },
  {
   "deprecated": "false",
   "name": "PauseWebView",
   "description": "Does a best-effort attempt to pause any processing that can be paused safely, such as animations and geolocation. Note that this call does not pause JavaScript.",
   "params": [{
    "name": "id",
    "type": "number"
   }]
  },
  {
   "deprecated": "false",
   "name": "PostData",
   "description": "Loads the URL with postData using 'POST' method into active WebView.",
   "params": [
    {
     "name": "url",
     "type": "text"
    },
    {
     "name": "data",
     "type": "text"
    }
   ]
  },
  {
   "deprecated": "false",
   "name": "PrintWebContent",
   "description": "Prints the content of webview with given document name",
   "params": [{
    "name": "documentName",
    "type": "text"
   }]
  },
  {
   "deprecated": "false",
   "name": "ProceedHttpAuthRequest",
   "description": "Instructs the WebView to proceed with the authentication with the given credentials.If both parameters are empty then it will cancel the request.",
   "params": [
    {
     "name": "username",
     "type": "text"
    },
    {
     "name": "password",
     "type": "text"
    }
   ]
  },
  {
   "deprecated": "false",
   "name": "ProceedSslError",
   "description": "Method for ProceedSslError",
   "params": [{
    "name": "proceed",
    "type": "boolean"
   }]
  },
  {
   "deprecated": "false",
   "name": "RegisterDeepLink",
   "description": "Registers to open specified link in associated external app(s)",
   "params": [{
    "name": "scheme",
    "type": "text"
   }]
  },
  {
   "deprecated": "false",
   "name": "Reload",
   "description": "Reloads the current URL.",
   "params": []
  },
  {
   "deprecated": "false",
   "name": "RemoveWebView",
   "description": "Destroys the webview and removes it completely from view system",
   "params": [{
    "name": "id",
    "type": "number"
   }]
  },
  {
   "deprecated": "false",
   "name": "RestartPrinting",
   "description": "Restarts current/previous print job. You can request restart of a failed print job.",
   "params": []
  },
  {
   "deprecated": "false",
   "name": "ResubmitForm",
   "description": "Whether to resubmit form or not.",
   "params": [{
    "name": "reSubmit",
    "type": "boolean"
   }]
  },
  {
   "deprecated": "false",
   "name": "ResumeWebView",
   "description": "Resumes the previously paused WebView.",
   "params": [{
    "name": "id",
    "type": "number"
   }]
  },
  {
   "deprecated": "false",
   "name": "SaveArchive",
   "description": "Saves the current site as a web archive",
   "params": [{
    "name": "dir",
    "type": "text"
   }]
  },
  {
   "deprecated": "false",
   "name": "ScrollTo",
   "description": "Scrolls the webview to given position",
   "params": [
    {
     "name": "x",
     "type": "number"
    },
    {
     "name": "y",
     "type": "number"
    }
   ]
  },
  {
   "deprecated": "false",
   "name": "SetCookies",
   "description": "Sets cookies for given url",
   "params": [
    {
     "name": "url",
     "type": "text"
    },
    {
     "name": "cookieString",
     "type": "text"
    }
   ]
  },
  {
   "deprecated": "false",
   "name": "SetVisibility",
   "description": "Sets the visibility of webview by id",
   "params": [
    {
     "name": "id",
     "type": "number"
    },
    {
     "name": "visibility",
     "type": "boolean"
    }
   ]
  },
  {
   "deprecated": "false",
   "name": "SetWebView",
   "description": "Set specific webview to current webview by id",
   "params": [{
    "name": "id",
    "type": "number"
   }]
  },
  {
   "deprecated": "false",
   "name": "StopLoading",
   "description": "Stops the current load.",
   "params": []
  },
  {
   "deprecated": "false",
   "name": "UploadFile",
   "description": "Uploads the given file from content uri.Use empty string to cancel the upload request.",
   "params": [{
    "name": "contentUri",
    "type": "text"
   }]
  },
  {
   "deprecated": "false",
   "name": "ZoomBy",
   "description": "Performs a zoom operation in the WebView by given zoom percent",
   "params": [{
    "name": "zoomP",
    "type": "number"
   }]
  },
  {
   "deprecated": "false",
   "name": "ZoomIn",
   "description": "Performs zoom in in the WebView",
   "params": []
  },
  {
   "deprecated": "false",
   "name": "ZoomOut",
   "description": "Performs zoom out in the WebView",
   "params": []
  }
 ],
 "blockProperties": [
  {
   "rw": "write-only",
   "deprecated": "false",
   "name": "AdHosts",
   "description": "Sets the ad hosts which will be blocked",
   "type": "text"
  },
  {
   "rw": "read-write",
   "deprecated": "false",
   "name": "AutoLoadImages",
   "description": "Sets whether the WebView should load image resources",
   "type": "boolean"
  },
  {
   "rw": "read-write",
   "deprecated": "false",
   "name": "AutoplayMedia",
   "description": "Sets whether the WebView requires a user gesture to play media",
   "type": "boolean"
  },
  {
   "rw": "write-only",
   "deprecated": "false",
   "name": "BackgroundColor",
   "description": "Sets background color of webview",
   "type": "number"
  },
  {
   "rw": "write-only",
   "deprecated": "false",
   "name": "BlockAds",
   "description": "Sets whether to block ads or not",
   "type": "boolean"
  },
  {
   "rw": "read-write",
   "deprecated": "false",
   "name": "BlockNetworkLoads",
   "description": "Sets whether the WebView should not load resources from the network.Use this to save data.",
   "type": "boolean"
  },
  {
   "rw": "read-write",
   "deprecated": "false",
   "name": "CacheMode",
   "description": "Sets cache mode for active webview",
   "type": "number"
  },
  {
   "rw": "read-only",
   "deprecated": "false",
   "name": "CurrentPageTitle",
   "description": "Title of the page currently viewed",
   "type": "text"
  },
  {
   "rw": "read-only",
   "deprecated": "false",
   "name": "CurrentUrl",
   "description": "URL of the page currently viewed",
   "type": "text"
  },
  {
   "rw": "read-write",
   "deprecated": "false",
   "name": "DeepLinks",
   "description": "Sets whether to enable deep links or not i.e. tel: , whatsapp: , sms: , etc.",
   "type": "boolean"
  },
  {
   "rw": "read-write",
   "deprecated": "false",
   "name": "DesktopMode",
   "description": "Sets whether to load content in desktop mode",
   "type": "boolean"
  },
  {
   "rw": "read-write",
   "deprecated": "false",
   "name": "DisplayZoom",
   "description": "Sets whether the WebView should display on-screen zoom controls",
   "type": "boolean"
  },
  {
   "rw": "read-write",
   "deprecated": "false",
   "name": "EnableJS",
   "description": "Tells the WebView to enable JavaScript execution.",
   "type": "boolean"
  },
  {
   "rw": "read-write",
   "deprecated": "false",
   "name": "FileAccess",
   "description": "Sets whether webview can access local files.Use this to enable file uploading and loading files using HTML",
   "type": "boolean"
  },
  {
   "rw": "read-write",
   "deprecated": "false",
   "name": "FollowLinks",
   "description": "Determines whether to follow links when they are tapped in the WebViewer.If you follow links, you can use GoBack and GoForward to navigate the browser history",
   "type": "boolean"
  },
  {
   "rw": "read-write",
   "deprecated": "false",
   "name": "FontSize",
   "description": "Sets the default font size of text. The default is 16.",
   "type": "number"
  },
  {
   "rw": "write-only",
   "deprecated": "false",
   "name": "InitialScale",
   "description": "Sets the initial scale for active WebView. 0 means default. If initial scale is greater than 0, WebView starts with this value as initial scale.",
   "type": "number"
  },
  {
   "rw": "read-write",
   "deprecated": "false",
   "name": "LayerType",
   "description": "Sets layer type",
   "type": "number"
  },
  {
   "rw": "read-write",
   "deprecated": "false",
   "name": "LoadWithOverviewMode",
   "description": "Sets whether the WebView loads pages in overview mode, that is, zooms out the content to fit on screen by width. This setting is taken into account when the content width is greater than the width of the WebView control.",
   "type": "boolean"
  },
  {
   "rw": "read-write",
   "deprecated": "false",
   "name": "LongClickable",
   "description": "Sets whether to enable text selection and context menu",
   "type": "boolean"
  },
  {
   "rw": "read-write",
   "deprecated": "false",
   "name": "OverScrollMode",
   "description": "Sets over scroll mode",
   "type": "number"
  },
  {
   "rw": "read-write",
   "deprecated": "false",
   "name": "PromptForPermission",
   "description": "Returns whether webview will prompt for permission and raise 'OnPermissionRequest' event or not",
   "type": "boolean"
  },
  {
   "rw": "read-write",
   "deprecated": "false",
   "name": "RotationAngle",
   "description": "Sets rotation angle",
   "type": "number"
  },
  {
   "rw": "write-only",
   "deprecated": "false",
   "name": "ScrollBar",
   "description": "Whether to display horizonatal and vertical scrollbars or not",
   "type": "boolean"
  },
  {
   "rw": "read-write",
   "deprecated": "false",
   "name": "ScrollBarStyle",
   "description": "Sets scroll bar style",
   "type": "number"
  },
  {
   "rw": "write-only",
   "deprecated": "false",
   "name": "Scrollable",
   "description": "Property for Scrollable",
   "type": "boolean"
  },
  {
   "rw": "read-write",
   "deprecated": "false",
   "name": "SupportMultipleWindows",
   "description": "Sets whether the WebView supports multiple windows",
   "type": "boolean"
  },
  {
   "rw": "read-write",
   "deprecated": "false",
   "name": "UseWideViewPort",
   "description": "Sets whether the WebView should enable support for the 'viewport' HTML meta tag or should use a wide viewport.",
   "type": "boolean"
  },
  {
   "rw": "read-write",
   "deprecated": "false",
   "name": "UserAgent",
   "description": "Get webview user agent",
   "type": "text"
  },
  {
   "rw": "write-only",
   "deprecated": "false",
   "name": "UsesLocation",
   "description": "Whether or not to give the application permission to use the Javascript geolocation API",
   "type": "boolean"
  },
  {
   "rw": "read-write",
   "deprecated": "false",
   "name": "VibrationEnabled",
   "description": "Sets whether vibration feedback enabled on long click",
   "type": "boolean"
  },
  {
   "rw": "read-only",
   "deprecated": "false",
   "name": "Visible",
   "description": "Returns the visibility of current webview",
   "type": "boolean"
  },
  {
   "rw": "read-write",
   "deprecated": "false",
   "name": "WebViewString",
   "description": "Set webview string",
   "type": "text"
  },
  {
   "rw": "read-write",
   "deprecated": "false",
   "name": "ZoomEnabled",
   "description": "Sets whether the WebView should support zooming using its on-screen zoom controls and gestures",
   "type": "boolean"
  },
  {
   "rw": "read-write",
   "deprecated": "false",
   "name": "ZoomPercent",
   "description": "Sets the zoom of the page in percent. The default is 100",
   "type": "number"
  }
 ],
 "helpUrl": "https://github.com/vknow360/CustomWebView",
 "licenseName": "",
 "type": "com.sunny.CustomWebView.CustomWebView",
 "androidMinSdk": 21,
 "version": "12",
 "external": "true",
 "showOnPalette": "true",
 "name": "CustomWebView",
 "helpString": "An extended form of Web Viewer <br> Developed by Sunny Gupta",
 "properties": [
  {
   "defaultValue": "",
   "name": "AdHosts",
   "editorArgs": [],
   "editorType": "string"
  },
  {
   "defaultValue": "False",
   "name": "BlockAds",
   "editorArgs": [],
   "editorType": "boolean"
  },
  {
   "defaultValue": "False",
   "name": "DeepLinks",
   "editorArgs": [],
   "editorType": "boolean"
  },
  {
   "defaultValue": "True",
   "name": "DisplayZoom",
   "editorArgs": [],
   "editorType": "boolean"
  },
  {
   "defaultValue": "True",
   "name": "FollowLinks",
   "editorArgs": [],
   "editorType": "boolean"
  },
  {
   "defaultValue": "True",
   "name": "PromptForPermission",
   "editorArgs": [],
   "editorType": "boolean"
  },
  {
   "defaultValue": "True",
   "name": "ZoomEnabled",
   "editorArgs": [],
   "editorType": "boolean"
  },
  {
   "defaultValue": "100",
   "name": "ZoomPercent",
   "editorArgs": [],
   "editorType": "integer"
  }
 ],
 "events": [
  {
   "deprecated": "false",
   "name": "AfterArchiveSaved",
   "description": "Event raised after 'SaveArchive' method.If 'success' is true then returns file path else empty string.",
   "params": [
    {
     "name": "success",
     "type": "boolean"
    },
    {
     "name": "filePath",
     "type": "text"
    }
   ]
  },
  {
   "deprecated": "false",
   "name": "AfterJavaScriptEvaluated",
   "description": "Event raised after evaluating Js and returns result.",
   "params": [{
    "name": "result",
    "type": "text"
   }]
  },
  {
   "deprecated": "false",
   "name": "CookiesRemoved",
   "description": "Event raised after 'ClearCokies' method with result",
   "params": [{
    "name": "successful",
    "type": "boolean"
   }]
  },
  {
   "deprecated": "false",
   "name": "FileUploadNeeded",
   "description": "Event raised when file uploading is needed",
   "params": [
    {
     "name": "id",
     "type": "number"
    },
    {
     "name": "mimeType",
     "type": "text"
    },
    {
     "name": "isCaptureEnabled",
     "type": "boolean"
    }
   ]
  },
  {
   "deprecated": "false",
   "name": "FindResultReceived",
   "description": "Event raised after 'Find' method with int 'activeMatchOrdinal','numberOfMatches' and 'isDoneCounting'",
   "params": [
    {
     "name": "id",
     "type": "number"
    },
    {
     "name": "activeMatchOrdinal",
     "type": "number"
    },
    {
     "name": "numberOfMatches",
     "type": "number"
    },
    {
     "name": "isDoneCounting",
     "type": "boolean"
    }
   ]
  },
  {
   "deprecated": "false",
   "name": "GotCertificate",
   "description": "Event raised after getting SSL certificate of current displayed url/website with boolean 'isSecure' and Strings 'issuedBy','issuedTo' and 'validTill'.If 'isSecure' is false and other values are empty then assume that website is not secure",
   "params": [
    {
     "name": "isSecure",
     "type": "boolean"
    },
    {
     "name": "issuedBy",
     "type": "text"
    },
    {
     "name": "issuedTo",
     "type": "text"
    },
    {
     "name": "validTill",
     "type": "text"
    }
   ]
  },
  {
   "deprecated": "false",
   "name": "GotPrintResult",
   "description": "Event raised after getting previus print's result.",
   "params": [
    {
     "name": "printId",
     "type": "text"
    },
    {
     "name": "isCompleted",
     "type": "boolean"
    },
    {
     "name": "isFailed",
     "type": "boolean"
    },
    {
     "name": "isBlocked",
     "type": "boolean"
    }
   ]
  },
  {
   "deprecated": "false",
   "name": "LongClicked",
   "description": "Event raised when something is long clicked in webview with item(image,string,empty,etc) and type(item type like 0,1,8,etc)",
   "params": [
    {
     "name": "id",
     "type": "number"
    },
    {
     "name": "item",
     "type": "text"
    },
    {
     "name": "secondaryUrl",
     "type": "text"
    },
    {
     "name": "type",
     "type": "number"
    }
   ]
  },
  {
   "deprecated": "false",
   "name": "OnCloseWindowRequest",
   "description": "Event triggered when a window needs to be closed",
   "params": [{
    "name": "id",
    "type": "number"
   }]
  },
  {
   "deprecated": "false",
   "name": "OnConsoleMessage",
   "description": "Event raised after getting console message.",
   "params": [
    {
     "name": "message",
     "type": "text"
    },
    {
     "name": "lineNumber",
     "type": "number"
    },
    {
     "name": "sourceID",
     "type": "number"
    },
    {
     "name": "level",
     "type": "text"
    }
   ]
  },
  {
   "deprecated": "false",
   "name": "OnDownloadNeeded",
   "description": "Event raised when downloading is needed.",
   "params": [
    {
     "name": "id",
     "type": "number"
    },
    {
     "name": "url",
     "type": "text"
    },
    {
     "name": "contentDisposition",
     "type": "text"
    },
    {
     "name": "mimeType",
     "type": "text"
    },
    {
     "name": "size",
     "type": "number"
    }
   ]
  },
  {
   "deprecated": "false",
   "name": "OnErrorReceived",
   "description": "Event raised when any error is received during loading url and returns message,error code and failing url",
   "params": [
    {
     "name": "id",
     "type": "number"
    },
    {
     "name": "message",
     "type": "text"
    },
    {
     "name": "errorCode",
     "type": "number"
    },
    {
     "name": "url",
     "type": "text"
    }
   ]
  },
  {
   "deprecated": "false",
   "name": "OnFormResubmission",
   "description": "Event raised when resubmission of form is needed",
   "params": [{
    "name": "id",
    "type": "number"
   }]
  },
  {
   "deprecated": "false",
   "name": "OnGeolocationRequested",
   "description": "Event raised when page asks for location access. Developer must handle/show dialog from him/herself.",
   "params": [{
    "name": "origin",
    "type": "text"
   }]
  },
  {
   "deprecated": "false",
   "name": "OnHideCustomView",
   "description": "Event raised when current page exits from full screen mode",
   "params": []
  },
  {
   "deprecated": "false",
   "name": "OnJsAlert",
   "description": "Event raised when Js have to show an alert to user",
   "params": [
    {
     "name": "id",
     "type": "number"
    },
    {
     "name": "url",
     "type": "text"
    },
    {
     "name": "message",
     "type": "text"
    }
   ]
  },
  {
   "deprecated": "false",
   "name": "OnJsConfirm",
   "description": "Tells to display a confirm dialog to the user.",
   "params": [
    {
     "name": "id",
     "type": "number"
    },
    {
     "name": "url",
     "type": "text"
    },
    {
     "name": "message",
     "type": "text"
    }
   ]
  },
  {
   "deprecated": "false",
   "name": "OnJsPrompt",
   "description": "Event raised when JavaScript needs input from user",
   "params": [
    {
     "name": "id",
     "type": "number"
    },
    {
     "name": "url",
     "type": "text"
    },
    {
     "name": "message",
     "type": "text"
    },
    {
     "name": "defaultValue",
     "type": "text"
    }
   ]
  },
  {
   "deprecated": "false",
   "name": "OnNewWindowRequest",
   "description": "Event raised when new window is requested by webview with boolean 'isDialog' and 'isPopup'",
   "params": [
    {
     "name": "id",
     "type": "number"
    },
    {
     "name": "isDialog",
     "type": "boolean"
    },
    {
     "name": "isPopup",
     "type": "boolean"
    }
   ]
  },
  {
   "deprecated": "false",
   "name": "OnPermissionRequest",
   "description": "Event raised when a website asks for specific permission(s) in list format.",
   "params": [{
    "name": "permissionsList",
    "type": "list"
   }]
  },
  {
   "deprecated": "false",
   "name": "OnProgressChanged",
   "description": "Event raised when page loading progress has changed.",
   "params": [
    {
     "name": "id",
     "type": "number"
    },
    {
     "name": "progress",
     "type": "number"
    }
   ]
  },
  {
   "deprecated": "false",
   "name": "OnReceivedHttpAuthRequest",
   "description": "Notifies that the WebView received an HTTP authentication request.",
   "params": [
    {
     "name": "id",
     "type": "number"
    },
    {
     "name": "host",
     "type": "text"
    },
    {
     "name": "realm",
     "type": "text"
    }
   ]
  },
  {
   "deprecated": "false",
   "name": "OnReceivedSslError",
   "description": "Event for OnReceivedSslError",
   "params": [{
    "name": "errorCode",
    "type": "number"
   }]
  },
  {
   "deprecated": "false",
   "name": "OnScrollChanged",
   "description": "Event raised when webview gets scrolled",
   "params": [
    {
     "name": "id",
     "type": "number"
    },
    {
     "name": "scrollX",
     "type": "number"
    },
    {
     "name": "scrollY",
     "type": "number"
    },
    {
     "name": "oldScrollX",
     "type": "number"
    },
    {
     "name": "oldScrollY",
     "type": "number"
    },
    {
     "name": "canGoLeft",
     "type": "boolean"
    },
    {
     "name": "canGoRight",
     "type": "boolean"
    }
   ]
  },
  {
   "deprecated": "false",
   "name": "OnShowCustomView",
   "description": "Event raised when current page enters in full screen mode",
   "params": []
  },
  {
   "deprecated": "false",
   "name": "PageLoaded",
   "description": "Event raised when page loading has finished.",
   "params": [{
    "name": "id",
    "type": "number"
   }]
  },
  {
   "deprecated": "false",
   "name": "PageStarted",
   "description": "Event indicating that page loading has started in web view.",
   "params": [
    {
     "name": "id",
     "type": "number"
    },
    {
     "name": "url",
     "type": "text"
    }
   ]
  },
  {
   "deprecated": "false",
   "name": "Swiped",
   "description": "Event raised when webview is swiped",
   "params": [
    {
     "name": "id",
     "type": "number"
    },
    {
     "name": "direction",
     "type": "number"
    }
   ]
  },
  {
   "deprecated": "false",
   "name": "WebViewStringChanged",
   "description": "When the JavaScript calls AppInventor.setWebViewString this event is run.",
   "params": [{
    "name": "value",
    "type": "text"
   }]
  }
 ]
},{
 "categoryString": "EXTENSION",
 "dateBuilt": "2023-04-18T09:05:38+0530",
 "nonVisible": "true",
 "iconName": "https://res.cloudinary.com/andromedaviewflyvipul/image/upload/c_scale,h_20,w_20/v1571472765/ktvu4bapylsvnykoyhdm.png",
 "methods": [
  {
   "deprecated": "false",
   "name": "Cancel",
   "description": "Cancels the current download request",
   "params": []
  },
  {
   "deprecated": "false",
   "name": "Download",
   "description": "Downloads the given file",
   "params": [
    {
     "name": "url",
     "type": "text"
    },
    {
     "name": "mimeType",
     "type": "text"
    },
    {
     "name": "fileName",
     "type": "text"
    },
    {
     "name": "downloadDir",
     "type": "text"
    }
   ]
  },
  {
   "deprecated": "false",
   "name": "GetFileSize",
   "description": "Tries to get file size",
   "params": [{
    "name": "url",
    "type": "text"
   }]
  },
  {
   "deprecated": "false",
   "name": "GetMimeType",
   "description": "Method for GetMimeType",
   "params": [{
    "name": "id",
    "type": "number"
   }],
   "returnType": "text"
  },
  {
   "deprecated": "false",
   "name": "GetUriString",
   "description": "Method for GetUriString",
   "params": [{
    "name": "id",
    "type": "number"
   }],
   "returnType": "text"
  },
  {
   "deprecated": "false",
   "name": "GuessFileName",
   "description": "Returns guessed file name",
   "params": [
    {
     "name": "url",
     "type": "text"
    },
    {
     "name": "mimeType",
     "type": "text"
    },
    {
     "name": "contentDisposition",
     "type": "text"
    }
   ],
   "returnType": "text"
  }
 ],
 "blockProperties": [{
  "rw": "write-only",
  "deprecated": "false",
  "name": "NotificationVisibility",
  "description": "Sets download notification visibility",
  "type": "number"
 }],
 "helpUrl": "https://github.com/vknow360/CustomWebView",
 "licenseName": "",
 "type": "com.sunny.CustomWebView.DownloadHelper",
 "versionName": "1.2",
 "androidMinSdk": 21,
 "version": "1",
 "external": "true",
 "showOnPalette": "true",
 "name": "DownloadHelper",
 "helpString": "Helper class of CustomWebView extension for downloading files <br> Developed by Sunny Gupta",
 "properties": [],
 "events": [
  {
   "deprecated": "false",
   "name": "DownloadCompleted",
   "description": "Event invoked when downloading gets completed",
   "params": []
  },
  {
   "deprecated": "false",
   "name": "DownloadFailed",
   "description": "Event invoked when downloading gets failed",
   "params": []
  },
  {
   "deprecated": "false",
   "name": "DownloadProgressChanged",
   "description": "Event invoked when downloading progress changes",
   "params": [{
    "name": "progress",
    "type": "number"
   }]
  },
  {
   "deprecated": "false",
   "name": "DownloadStarted",
   "description": "Event invoked when downloading starts",
   "params": [{
    "name": "id",
    "type": "number"
   }]
  },
  {
   "deprecated": "false",
   "name": "GotFileSize",
   "description": "Event invoked after getting file size",
   "params": [{
    "name": "fileSize",
    "type": "number"
   }]
  }
 ]
}]