[{"contentProviders":[],"metadata":[],"broadcastReceivers":[],"broadcastReceiver":[],"libraries":[],"services":[],"type":"com.sunny.CustomWebView.BrowserPromptHelper","androidMinSdk":["21"],"activityMetadata":[],"assets":[],"native":[],"permissions":[],"activities":["<activity android:name=\".Screen1\" android:launchMode=\"singleTask\">\n      <intent-filter >\n        <action android:name=\"android.intent.action.VIEW\"/>\n        <category android:name=\"android.intent.category.DEFAULT\"/>\n        <category android:name=\"android.intent.category.BROWSABLE\"/>\n        <data android:scheme=\"http\"/>\n        <data android:scheme=\"https\"/>\n    <\/intent-filter>\n      <intent-filter >\n        <action android:name=\"android.intent.action.VIEW\"/>\n        <category android:name=\"android.intent.category.DEFAULT\"/>\n        <category android:name=\"android.intent.category.BROWSABLE\"/>\n        <data android:scheme=\"http\"/>\n        <data android:scheme=\"https\"/>\n        <data android:mimeType=\"text/html\"/>\n        <data android:mimeType=\"text/plain\"/>\n        <data android:mimeType=\"application/xhtml+xml\"/>\n    <\/intent-filter>\n    <\/activity>\n"]},{"contentProviders":[],"metadata":[],"broadcastReceivers":[],"broadcastReceiver":[],"libraries":[],"services":[],"type":"com.sunny.CustomWebView.CustomWebView","androidMinSdk":["21"],"activityMetadata":[],"assets":[],"native":[],"permissions":["android.permission.ACCESS_FINE_LOCATION","android.webkit.resource.AUDIO_CAPTURE","android.launcher.permission.INSTALL_SHORTCUT","android.permission.VIBRATE","android.permission.MODIFY_AUDIO_SETTINGS","android.permission.CAMERA","android.permission.RECORD_AUDIO","android.permission.WRITE_EXTERNAL_STORAGE","android.webkit.resource.VIDEO_CAPTURE","android.permission.ACCESS_DOWNLOAD_MANAGER"],"activities":[]},{"contentProviders":[],"metadata":[],"broadcastReceivers":[],"broadcastReceiver":[],"libraries":[],"services":[],"type":"com.sunny.CustomWebView.DownloadHelper","androidMinSdk":["21"],"activityMetadata":[],"assets":[],"native":[],"permissions":[],"activities":[]}]